group_id,candidate_id,bid_amount,completion_date_diff,buyer_rating,past_jobs,account_age,job_duration,distance,score,is_winner,score_difference_scaled
0,0,1960,-26,0,74,210,14,296,5.4383202560075405,0,1301.3
0,1,1931,17,0,64,202,26,984,3.468398460667707,0,1789.6000000000001
0,2,1908,-18,3,71,194,19,986,8.34502266718805,0,722.6999999999999
0,3,1994,-29,0,18,329,18,735,3.348122971180908,0,1821.9
0,4,1080,-8,3,99,87,27,887,16.845947520124444,1,0.0
0,5,1321,-19,1,73,62,4,403,12.879275245929701,0,157.3
0,6,1243,18,4,4,142,9,933,13.105885735138493,0,139.9
0,7,1601,21,5,55,255,17,371,11.764226389782321,0,258.2
0,8,1407,22,0,23,356,21,673,7.559087715301256,0,862.5
0,9,1469,-17,1,64,218,14,615,10.720214576321245,0,375.20000000000005
1,10,1282,3,3,52,254,8,985,13.739386835778262,0,1.7000000000000002
1,11,1877,22,0,49,64,28,449,3.3298178451242695,0,1172.0
1,12,1236,3,2,98,242,21,694,14.15588252329249,1,0.0
1,13,1440,22,1,19,50,13,120,8.36438471144561,0,335.4
1,14,1131,-9,0,34,303,22,471,11.678805967609222,0,61.4
1,15,1675,-6,1,60,244,26,939,7.708034150753396,0,415.7
1,16,1178,-7,2,5,18,23,433,12.151083866917505,0,40.199999999999996
1,17,1198,8,0,92,56,3,872,12.759221094911139,0,19.5
1,18,1084,3,1,29,220,15,959,12.769654857106715,0,19.2
1,19,1854,4,1,37,332,23,163,5.087724556492569,0,822.3000000000001
2,20,1957,6,0,10,266,17,797,2.3021812275646987,0,1985.6999999999998
2,21,1105,8,4,71,15,23,229,16.39372996838469,1,0.0
2,22,1179,3,2,18,72,6,674,12.79380140475871,0,129.60000000000002
2,23,1476,1,3,94,78,2,116,13.389206005041924,0,90.3
2,24,1856,19,0,90,95,3,446,5.786032675679022,0,1125.2
2,25,1715,-5,4,12,104,20,49,9.083970393459834,0,534.3
2,26,1092,-25,0,64,354,14,834,13.78433081277506,0,68.1
2,27,1692,15,5,42,337,22,814,10.46133131136627,0,351.9
2,28,1439,7,0,7,244,10,59,7.685807022592121,0,758.3
2,29,1145,-29,3,20,8,16,976,14.874788030936248,0,23.1
3,30,1245,11,1,79,206,2,730,12.8838250069855,0,1.0
3,31,1122,10,2,34,149,19,435,13.193368154386986,1,0.0
3,32,1738,-28,3,71,360,4,998,10.967526393704338,0,49.5
3,33,1465,9,1,1,328,1,278,8.498188731218544,0,220.39999999999998
3,34,1796,-17,4,10,289,16,681,8.748748250798013,0,197.5
3,35,1309,-1,0,83,245,19,292,11.218081556270198,0,39.0
3,36,1531,-29,1,78,358,24,639,10.608903219375144,0,66.8
3,37,1653,9,3,72,200,18,54,10.14611861519522,0,92.89999999999999
3,38,1701,-11,5,72,66,6,624,12.677652119138033,0,2.7
3,39,1890,10,3,12,130,27,100,5.574011178375739,0,580.5
4,40,1991,-6,1,5,215,5,256,3.6856420829777914,0,1430.6
4,41,1674,6,2,61,107,14,862,8.740242549748483,0,477.0
4,42,1442,29,1,73,265,10,190,9.902600810814697,0,329.90000000000003
4,43,1772,24,2,92,83,12,530,8.185671567929786,0,556.5999999999999
4,44,1827,-14,1,98,35,23,564,7.695065527897059,0,632.3
4,45,1641,-23,0,11,235,9,572,6.781655934299602,0,785.9000000000001
4,46,1076,7,1,87,65,23,465,14.193099405262366,0,21.099999999999998
4,47,1012,-19,0,28,328,22,160,13.066448637644102,0,66.6
4,48,1626,-13,5,30,157,7,661,12.209795317440237,0,118.10000000000001
4,49,1163,12,4,53,292,11,126,15.646531573074038,1,0.0
5,50,1132,-11,3,29,107,16,329,14.759763974735414,0,70.4
5,51,1453,12,2,82,207,5,572,11.765662778083628,0,318.9
5,52,1148,-26,2,76,46,14,470,15.572674037130763,0,33.9
5,53,1005,-11,3,75,204,18,13,17.41319514670547,1,0.0
5,54,1999,-7,1,86,142,15,591,5.683093181616295,0,1376.0
5,55,1637,13,4,25,123,22,878,9.49986169919061,0,626.1999999999999
5,56,1172,-22,4,1,246,2,218,15.43269027047642,0,39.2
5,57,1918,0,5,99,243,16,477,10.654846436620954,0,456.8
5,58,1418,2,0,78,305,29,329,9.52831292066624,0,621.7
5,59,1430,-22,2,19,73,17,327,10.798788941907443,0,437.5
6,60,1621,4,1,49,30,9,533,8.165914631461746,0,240.7
6,61,1996,-18,0,63,85,17,788,4.2821979322655075,0,772.5
6,62,1235,1,1,49,126,25,204,11.623322201116979,0,21.0
6,63,1606,13,2,38,233,22,758,8.246690308605839,0,232.8
6,64,1543,24,5,1,135,9,169,10.880358540058989,0,48.0
6,65,1189,26,1,88,330,29,501,12.30197213558227,0,5.8999999999999995
6,66,1277,-29,1,65,349,15,713,13.071580330877012,1,0.0
6,67,1863,9,1,67,227,8,928,6.167204482390779,0,476.70000000000005
6,68,1367,-13,2,11,35,28,474,10.464486739329306,0,68.0
6,69,1392,8,5,0,344,23,995,12.379940298726053,0,4.8
7,70,1180,8,4,63,25,12,803,15.737776593464465,0,35.699999999999996
7,71,1074,-5,0,43,203,9,516,12.819377419090682,0,231.1
7,72,1102,-17,3,70,36,4,633,16.88472309578546,0,5.5
7,73,1826,-7,5,74,252,26,687,10.680647834993437,0,482.5
7,74,1641,-18,2,24,95,25,328,8.42071168489303,0,847.6
7,75,1724,-27,3,9,172,7,622,9.07408056617881,0,731.5
7,76,1078,24,2,81,351,15,299,14.795922337795568,0,80.1
7,77,1201,-5,5,92,129,19,787,17.62699945094491,1,0.0
7,78,1585,15,3,54,25,18,689,9.966805021525857,0,586.8
7,79,1974,-21,0,79,295,22,787,4.9684034948590625,0,1602.4
8,80,1021,-11,3,83,336,17,537,17.5146663280581,1,0.0
8,81,1269,-17,3,21,244,19,678,13.243438416689616,0,182.39999999999998
8,82,1271,-3,3,86,244,11,746,14.997406011517164,0,63.4
8,83,1178,-3,1,14,66,12,290,11.708619305068625,0,337.1
8,84,1004,-19,0,33,295,27,384,13.087996787323815,0,196.0
8,85,1804,16,4,58,316,19,805,8.892314242983513,0,743.4000000000001
8,86,1093,21,5,25,330,8,246,16.299899009249035,0,14.8
8,87,1863,-8,2,83,155,18,702,7.874091839809075,0,929.4
8,88,1420,-5,4,38,292,22,957,12.716816126571159,0,230.2
8,89,1659,21,0,94,224,3,579,7.835482229298175,0,936.9
9,90,1688,-28,5,32,190,11,776,12.01229607581738,0,41.900000000000006
9,91,1395,27,4,23,21,19,196,11.537123841500117,0,63.6
9,92,1877,-15,3,62,93,7,602,8.720600114383156,0,285.0
9,93,1903,27,0,44,49,28,3,2.788948363446206,0,1270.2
9,94,1637,20,5,48,231,3,490,11.706740842102018,0,55.300000000000004
9,95,1730,-17,4,11,146,4,693,9.828454821400229,0,179.0
9,96,1413,16,4,27,273,14,299,12.088317429541904,0,38.8
9,97,1245,-7,2,16,255,15,696,12.137493068214312,0,36.9
9,98,1047,-12,1,32,235,21,872,13.538350111847127,0,2.7
9,99,1434,-3,5,52,204,20,172,14.059049387818773,1,0.0
10,100,1174,-25,5,22,276,5,74,17.066265474358175,0,1.1
10,101,1478,16,4,57,16,2,63,12.727767545505893,0,218.70000000000002
10,102,1581,22,4,36,48,1,575,10.849049822392802,0,429.7
10,103,1127,28,2,22,94,3,338,12.73551973596637,0,217.89999999999998
10,104,1424,19,4,22,42,8,632,11.84227736277517,0,309.3
10,105,1138,28,5,88,30,9,234,17.40387293028475,1,0.0
10,106,1077,8,5,23,242,17,578,16.461353827089507,0,8.9
10,107,1426,-2,1,20,214,2,101,9.788347343338957,0,580.0
10,108,1338,-3,0,44,227,24,767,9.582271575728164,0,611.8
10,109,1560,-1,2,79,283,4,972,11.059720128722205,0,402.5
11,110,1527,24,5,68,188,28,256,12.39823628287456,0,10.9
11,111,1401,-24,1,38,189,11,532,10.958495806995735,0,61.7
11,112,1103,2,1,60,275,21,73,13.442346339179704,1,0.0
11,113,1354,-28,2,61,15,28,17,12.658762380436134,0,6.1
11,114,1370,-11,0,15,276,9,771,9.202803072803242,0,179.7
11,115,1456,11,5,59,61,26,971,13.24236113488445,0,0.4
11,116,1882,-10,4,23,247,4,152,8.513821479082562,0,242.89999999999998
11,117,1981,12,5,54,98,6,471,8.571077988863788,0,237.3
11,118,1290,11,1,31,219,10,250,10.744427662774312,0,72.8
11,119,1760,0,0,58,340,21,158,5.875693562388764,0,572.5
12,120,1024,11,2,36,298,8,909,14.588240685109438,0,34.900000000000006
12,121,1882,-7,0,70,232,7,169,5.723398424497775,0,1152.0
12,122,1465,15,5,67,218,29,945,13.197611249004344,0,106.19999999999999
12,123,1828,21,3,7,300,19,837,5.929278754380163,0,1108.1999999999998
12,124,1141,-15,1,9,360,23,741,11.977256260950451,0,200.6
12,125,1256,-4,2,33,213,16,83,12.455022664716035,0,160.10000000000002
12,126,1356,2,4,50,159,12,821,13.818705933822855,0,69.6
12,127,1097,13,5,25,120,9,58,16.4564741982078,1,0.0
12,128,1341,-3,1,76,184,25,636,11.487533563098948,0,246.9
12,129,1625,26,1,88,294,10,223,8.629827625900035,0,612.6
13,130,1641,-12,0,73,223,8,254,8.351907750416235,0,398.5
13,131,1250,29,2,48,197,10,198,12.049388217096997,0,68.4
13,132,1111,5,2,57,346,11,721,14.481170123059588,0,0.3
13,133,1290,9,5,28,188,19,69,14.40954281785271,0,0.7000000000000001
13,134,1519,-24,1,59,75,12,667,10.331907530000018,0,187.7
13,135,1409,-22,5,28,5,8,697,14.547535714687825,0,0.1
13,136,1889,7,0,65,107,19,622,4.518772705612129,0,1029.4
13,137,1010,0,0,79,138,2,14,14.664622013274862,1,0.0
13,138,1441,5,3,22,198,28,577,10.480606469523725,0,175.10000000000002
13,139,1656,-25,3,22,320,28,798,9.354574733328034,0,282.0
14,140,1913,-8,4,4,169,5,871,7.430314438507587,0,766.5999999999999
14,141,1841,15,2,42,29,8,353,6.430015095369248,0,951.8000000000001
14,142,1326,1,3,81,288,4,156,14.480520295133287,0,29.1
14,143,1263,2,4,15,242,3,519,14.064515655043033,0,45.0
14,144,1895,-10,3,69,209,25,238,8.008426253387702,0,668.7
14,145,1899,27,3,47,50,7,217,6.6487263961755625,0,909.5999999999999
14,146,1867,-24,2,69,151,2,200,8.572873413357314,0,579.6
14,147,1890,-15,2,35,134,10,992,6.637122027774112,0,911.8000000000001
14,148,1178,20,5,58,253,14,849,16.186112178405892,1,0.0
14,149,1289,3,1,39,273,1,161,11.613257865192304,0,209.1
15,150,1795,22,0,10,149,12,751,3.5341018845188916,0,1278.1999999999998
15,151,1079,20,0,82,7,9,517,13.049691217936838,0,32.1
15,152,1320,15,1,97,128,8,829,12.296529281338607,0,64.7
15,153,1529,16,4,15,59,25,705,10.06994501274976,0,227.5
15,154,1065,17,2,56,211,2,216,14.840052746012622,1,0.0
15,155,1301,17,0,10,34,1,708,9.019074214881861,0,338.8
15,156,1490,13,3,82,46,24,766,11.618742880584168,0,103.80000000000001
15,157,1958,-26,5,66,170,2,534,10.60962292899672,0,179.0
15,158,1776,-11,0,69,100,18,772,6.401149815235145,0,712.2
15,159,1375,-22,1,96,112,5,418,13.113373647750569,0,29.8
16,160,1530,19,4,69,283,5,458,12.39521706639032,0,91.0
16,161,1698,-13,2,90,191,19,572,9.896239223591632,0,304.20000000000005
16,162,1988,19,5,95,71,13,974,9.198154224683975,0,386.0
16,163,1903,-11,2,85,132,1,722,8.23440735615862,0,515.1
16,164,1436,-13,3,63,27,1,576,13.300708497788312,0,44.5
16,165,1032,1,0,61,45,6,158,13.68196385624015,0,29.900000000000002
16,166,1940,-1,5,84,260,27,244,9.648965166507091,0,332.0
16,167,1913,-29,1,13,147,26,793,4.66669348727177,0,1154.5
16,168,1725,13,3,92,4,2,765,10.341339990559044,0,257.0
16,169,1180,-27,4,8,195,9,804,15.411296357003629,1,0.0
17,170,1502,16,4,38,33,27,884,10.940912475762154,0,300.1
17,171,1653,-22,1,29,360,9,636,8.200886650236892,0,675.3
17,172,1171,-6,3,31,8,19,613,14.097242231225932,0,53.9
17,173,1203,-29,1,8,56,5,832,12.350491130019844,0,165.5
17,174,1640,-9,5,90,231,20,521,13.322203535104384,0,95.9
17,175,1349,12,3,43,131,19,474,12.114889001152719,0,185.2
17,176,1718,19,2,69,254,7,257,8.452234649816141,0,634.7
17,177,1666,-4,0,13,37,12,922,5.751014172504028,0,1138.0
17,178,1211,12,5,5,201,5,172,14.895691435071022,0,23.2
17,179,1024,-27,3,29,125,16,35,16.418764311982873,1,0.0
18,180,1147,25,0,55,207,11,258,11.390175648461128,0,338.40000000000003
18,181,1178,18,5,95,232,20,325,17.20767640649963,1,0.0
18,182,1163,19,2,17,145,25,20,11.788592301468237,0,293.7
18,183,1673,11,5,85,308,27,582,11.927090307410904,0,278.8
18,184,1090,3,3,93,173,18,856,16.539214976426596,0,4.5
18,185,1334,-23,4,83,96,6,202,16.14573105906056,0,11.299999999999999
18,186,1752,23,4,29,320,22,184,8.253585754317154,0,801.8000000000001
18,187,1490,-3,4,44,155,17,569,12.309324781835866,0,239.89999999999998
18,188,1898,29,4,48,202,16,79,7.35543794840568,0,970.6999999999999
18,189,1415,20,1,25,125,1,989,9.22642733362918,0,637.0
19,190,1039,5,2,99,188,21,996,16.047180389241888,1,0.0
19,191,1257,4,1,76,97,19,350,12.31102826906156,0,139.60000000000002
19,192,1545,-9,0,95,182,2,414,10.06576107051792,0,357.8
19,193,1849,16,1,42,208,28,74,4.678858627726099,0,1292.4
19,194,1148,-23,1,1,243,6,987,12.48617938346233,0,126.8
19,195,1660,-11,0,12,105,12,412,6.088005656233606,0,991.9
19,196,1412,-14,4,72,205,7,25,14.737751707280125,0,17.1
19,197,1762,23,5,73,34,28,737,10.138339455638327,0,349.09999999999997
19,198,1504,-28,4,48,4,19,801,13.001508708441534,0,92.8
19,199,1160,10,2,35,309,22,423,12.78092766773422,0,106.7
20,200,1936,16,3,60,281,27,577,6.3578369089438,0,1356.5
20,201,1992,-20,5,85,262,26,486,9.814260456760673,0,670.9000000000001
20,202,1741,19,1,8,86,18,2,4.959880300115172,0,1701.6999999999998
20,203,1162,-10,4,91,74,10,823,17.45967373267922,0,3.0
20,204,1671,-7,1,76,159,23,432,8.401555924256307,0,922.2
20,205,1068,1,5,76,34,27,336,18.00489440393408,1,0.0
20,206,1939,2,3,41,246,6,661,6.958546364577037,0,1220.2
20,207,1084,-11,0,44,62,24,321,12.397997642903045,0,314.40000000000003
20,208,1437,-9,3,12,202,25,107,10.847663111262344,0,512.3
20,209,1006,-12,4,39,278,21,75,17.25312623438938,0,5.699999999999999
21,210,1043,24,2,29,197,16,960,13.426478724974235,0,117.6
21,211,1463,14,4,93,176,11,395,13.725967986981018,0,97.89999999999999
21,212,1768,21,4,17,212,21,703,7.751360881876734,0,828.8
21,213,1317,-17,4,7,85,18,437,13.354463822781058,0,122.5
21,214,1961,-17,4,15,225,23,145,7.03318963254847,0,964.7
21,215,1593,0,2,7,305,11,246,8.342277841483002,0,724.7
21,216,1375,5,5,76,271,6,927,15.548921419698178,0,17.1
21,217,1752,-14,2,9,347,20,84,6.990648750880865,0,973.1
21,218,1303,9,5,60,344,3,419,15.828124418544313,0,10.5
21,219,1023,1,3,83,138,22,535,16.85508035712665,1,0.0
22,220,1066,13,4,94,188,5,705,17.95458315378289,1,0.0
22,221,1760,12,3,6,341,26,572,6.673293357257294,0,1272.7
22,222,1898,5,3,69,226,9,300,8.03976555837654,0,983.0
22,223,1037,-7,0,15,69,23,751,11.849023099418028,0,372.8
22,224,1071,-11,4,49,227,29,297,16.548941195772738,0,19.8
22,225,1159,-26,2,8,27,1,374,13.87055202392574,0,166.8
22,226,1202,21,5,20,210,15,422,14.755561773298451,0,102.30000000000001
22,227,1775,27,0,64,187,11,25,5.320420209480911,0,1596.2
22,228,1809,28,2,94,191,29,758,7.139578831493344,0,1169.6
22,229,1101,11,2,7,261,9,775,12.905484414531138,0,254.89999999999998
23,230,1661,20,0,24,136,22,234,5.06001963448009,0,1252.3999999999999
23,231,1081,-26,0,44,306,20,274,13.151141324806831,0,96.1
23,232,1182,-8,1,18,38,24,497,11.502195922589976,0,225.5
23,233,1002,-13,1,88,304,9,43,16.250880321763162,1,0.0
23,234,1571,17,5,40,166,9,8,12.043584877376926,0,177.0
23,235,1516,24,0,42,139,11,923,7.247291383072911,0,810.6
23,236,1406,6,5,23,307,10,132,13.545193510209257,0,73.2
23,237,1963,11,5,80,19,28,443,8.768609465832544,0,559.8
23,238,1164,-18,2,95,225,3,782,16.127632196755957,0,0.2
23,239,1565,-3,4,52,255,24,105,11.624304891102136,0,214.1
24,240,1450,-24,4,69,200,8,327,14.537654946943926,0,115.1
24,241,1217,-25,5,61,363,1,612,17.929964110230678,1,0.0
24,242,1625,-4,5,23,21,29,497,10.895998340013367,0,494.79999999999995
24,243,1780,27,5,54,159,8,837,9.985214151082687,0,631.1999999999999
24,244,1579,-7,2,19,92,2,707,9.300109849184667,0,744.7
24,245,1274,-5,2,71,19,3,973,13.781706981143184,0,172.10000000000002
24,246,1463,-9,0,60,41,21,229,9.128064901366068,0,774.7
24,247,1523,-29,0,19,57,23,835,7.8345280153001795,0,1019.2
24,248,1976,-25,1,18,242,10,623,4.665948639017682,0,1759.3000000000002
24,249,1673,6,2,58,342,24,744,8.378618470895367,0,912.3000000000001
25,250,1423,-2,2,57,145,15,391,11.42726136068635,0,221.0
25,251,1246,6,5,80,60,28,492,16.128813786280098,1,0.0
25,252,1511,19,0,89,158,1,817,9.264130740783628,0,471.2
25,253,1371,-22,2,97,301,6,51,14.236813019141264,0,35.8
25,254,1392,-14,5,23,114,4,306,14.507234029772082,0,26.299999999999997
25,255,1500,-13,4,33,142,25,766,11.905709267796807,0,178.29999999999998
25,256,1079,16,1,94,12,16,313,14.320776355996653,0,32.7
25,257,1320,-27,3,58,147,9,489,14.542081953769982,0,25.2
25,258,1371,-12,2,69,249,22,119,12.456803524857724,0,134.8
25,259,1851,-18,1,51,255,11,45,6.707054784815699,0,887.6999999999999
26,260,1587,-8,4,18,306,12,662,10.929711227262608,0,95.39999999999999
26,261,1268,-24,3,2,346,14,791,13.110237041672724,0,8.2
26,262,1320,12,1,24,282,19,818,9.836657951592866,0,174.8
26,263,1740,-27,3,1,24,25,572,7.992839279276805,0,363.0
26,264,1618,-9,5,70,262,22,805,12.845157666670316,0,13.799999999999999
26,265,1613,-24,4,13,9,25,647,10.515674818236487,0,122.69999999999999
26,266,1287,15,0,84,364,19,799,10.908241280215298,0,96.7
26,267,1378,25,4,77,152,3,205,14.01813873735572,1,0.0
26,268,1550,-22,4,20,268,22,13,11.533213267008907,0,61.7
26,269,1135,-15,2,2,279,25,115,12.794425376251372,0,15.0
27,270,1057,-17,1,49,225,9,501,14.585865923428878,0,7.4
27,271,1717,18,4,54,221,9,289,9.957900183535468,0,301.1
27,272,1460,11,2,72,363,3,151,11.582945290167883,0,149.2
27,273,1951,-14,3,7,132,26,698,5.6010564796258695,0,969.0999999999999
27,274,1129,29,4,61,85,15,207,15.445508186937298,1,0.0
27,275,1109,-11,1,94,82,27,95,14.58369056745441,0,7.4
27,276,1234,-3,2,86,34,28,779,13.699999076635882,0,30.5
27,277,1564,17,5,60,162,8,963,12.658517614477493,0,77.69999999999999
27,278,1311,-18,0,33,50,6,637,10.635236878896457,0,231.4
27,279,1306,0,0,46,291,1,848,10.692702462535626,0,225.9
28,280,1176,3,5,48,174,20,877,16.24059288600766,0,78.3
28,281,1205,-16,5,79,267,18,812,17.63697758608281,0,19.7
28,282,1188,29,3,1,303,29,129,11.603865439217337,0,552.8
28,283,1337,1,4,23,110,16,147,13.13615518366107,0,348.40000000000003
28,284,1571,-27,2,62,29,14,203,10.965989863310602,0,651.7
28,285,1647,4,4,57,276,16,780,10.940601052597088,0,655.8
28,286,1986,21,0,6,45,27,439,1.0,0,3254.0
28,287,1623,22,4,50,36,28,611,9.88125368785475,0,838.6
28,288,1861,-14,3,74,34,9,965,9.086575668447448,0,990.5
28,289,1053,-5,5,82,178,15,34,19.03885617073557,1,0.0
29,290,1088,-24,1,21,98,8,896,13.625213509338304,0,72.30000000000001
29,291,1766,10,2,16,225,18,198,6.275396384625491,0,1007.8
29,292,1759,2,5,66,138,5,595,11.532399798649706,0,228.70000000000002
29,293,1641,12,0,55,131,2,292,7.178089610894603,0,834.7
29,294,1043,18,3,64,152,26,217,15.395567515157573,0,8.4
29,295,1460,-19,1,69,324,10,884,11.174676688576838,0,264.20000000000005
29,296,1680,-29,3,68,77,24,674,10.732175085978252,0,311.6
29,297,1033,0,2,81,194,7,186,16.3143112625452,1,0.0
29,298,1823,7,2,64,159,12,464,7.429941488700656,0,789.3000000000001
29,299,1370,3,2,13,43,2,163,10.91465392870658,0,291.6
30,300,1278,-20,3,49,83,16,590,14.175185248984809,0,13.4
30,301,1742,0,2,98,136,10,9,9.619948522123478,0,326.3
30,302,1981,-21,3,19,125,15,468,6.3154062118626255,0,813.0
30,303,1617,-13,4,42,267,26,657,11.015661999872098,0,186.29999999999998
30,304,1107,-2,3,15,295,7,216,14.665360111337312,0,4.4
30,305,1567,-18,1,35,249,28,829,8.380391614503782,0,483.29999999999995
30,306,1096,26,0,72,175,20,979,11.979841564163362,0,112.4
30,307,1229,7,3,15,40,27,834,12.291441623683298,0,92.5
30,308,1067,12,3,58,103,20,669,15.332100851643776,1,0.0
30,309,1673,-24,4,0,46,12,690,9.990666299861719,0,285.3
31,310,1502,28,1,72,221,18,863,8.9396212018601,0,271.90000000000003
31,311,1665,11,2,83,14,3,448,9.736472009080796,0,195.2
31,312,1930,13,3,62,335,17,139,6.99621205087754,0,512.3
31,313,1382,-1,4,53,241,15,393,13.709145400836828,0,2.0
31,314,1904,-5,0,65,231,13,214,5.06456726920001,0,826.2
31,315,1552,-4,3,42,316,26,272,10.413996016255243,0,139.9
31,316,1356,6,5,38,357,18,876,14.154064151603984,1,0.0
31,317,1617,-22,0,72,69,11,845,8.692280834036369,0,298.29999999999995
31,318,1753,-30,3,53,79,25,383,9.574117042970883,0,209.8
31,319,1556,25,0,67,335,5,344,7.896431630609861,0,391.59999999999997
32,320,1558,10,2,18,78,9,895,8.63123481827014,0,221.20000000000002
32,321,1240,3,0,23,184,23,488,9.776395183805635,0,126.6
32,322,1540,-5,0,40,24,20,503,7.61840190467745,0,326.70000000000005
32,323,1290,-21,1,6,61,16,347,10.804166404394817,0,64.0
32,324,1769,-22,0,25,214,13,893,5.7085796339077355,0,581.5
32,325,1574,1,4,44,332,4,73,11.894759479462651,0,20.7
32,326,1694,27,3,35,358,15,579,8.101753966347058,0,273.8
32,327,1780,15,0,97,71,8,586,6.696049094166968,0,440.6
32,328,1952,29,0,72,151,10,515,3.69812813622287,0,928.5
32,329,1184,-4,1,80,337,22,943,13.334142812984119,1,0.0
33,330,1644,2,0,52,97,11,37,7.090936629461813,0,990.1999999999999
33,331,1527,-25,1,46,269,16,720,9.796824395803087,0,524.9
33,332,1799,-4,3,71,0,17,157,9.063995564597864,0,636.4
33,333,1253,-10,5,65,227,15,905,16.615199904240473,0,1.7999999999999998
33,334,1989,8,3,16,96,3,600,5.568637336410825,0,1316.3
33,335,1386,2,4,37,255,17,408,13.013433398734662,0,162.3
33,336,1339,-27,5,81,37,7,970,17.04158650773466,1,0.0
33,337,1871,-30,1,58,264,1,627,7.426736506026279,0,924.5
33,338,1112,20,3,83,129,4,141,15.999171841698553,0,10.9
33,339,1114,12,3,41,201,13,849,14.604858240491177,0,59.400000000000006
34,340,1618,13,4,85,52,13,226,11.87580920320811,0,369.0
34,341,1046,16,1,1,349,23,730,11.633970808163026,0,399.0
34,342,1571,-24,4,43,111,14,488,12.282450386994936,0,321.3
34,343,1629,11,1,61,33,14,589,8.028732796156515,0,984.4
34,344,1474,-18,0,93,195,5,618,10.897609245083682,0,497.5
34,345,1403,-13,4,81,141,7,741,14.977291067860875,0,88.4
34,346,1603,22,2,31,148,19,459,7.87335576007489,0,1015.5
34,347,1184,-13,5,85,362,19,486,17.950637233409516,1,0.0
34,348,1111,1,1,70,146,18,331,13.744914308898935,0,176.9
34,349,1234,17,2,15,312,3,667,11.850993572576263,0,372.1
35,350,1287,-24,5,66,251,27,679,16.38011058407868,0,6.8999999999999995
35,351,1883,-21,5,82,105,17,29,11.173614277107053,0,364.5
35,352,1883,-25,3,67,208,15,609,8.896154385898946,0,691.3
35,353,1990,-29,1,74,130,15,517,6.159532906144579,0,1221.3
35,354,1008,7,5,12,104,7,197,17.21078534565094,1,0.0
35,355,1337,-22,3,47,82,28,348,13.186644468727648,0,161.9
35,356,1419,-9,1,67,294,6,702,11.338797697394757,0,344.79999999999995
35,357,1736,26,5,11,48,26,685,8.498873312489241,0,759.0
35,358,1136,-28,3,14,42,19,582,14.691007939884294,0,63.5
35,359,1962,3,3,16,17,29,824,5.035905258884801,0,1482.3
36,360,1871,-17,4,65,14,23,581,9.348402621545773,0,720.0
36,361,1872,22,1,83,270,2,351,6.405225268422656,0,1306.1000000000001
36,362,1417,-18,0,36,166,1,126,9.925766502631648,0,625.4
36,363,1034,23,1,68,305,16,11,13.857327026766928,0,158.1
36,364,1889,-9,3,48,279,7,359,8.04822387013068,0,957.6
36,365,1418,-16,0,24,237,26,46,8.61899396890804,0,849.0999999999999
36,366,1255,8,3,42,345,3,464,13.793286755007777,0,163.29999999999998
36,367,1887,-20,0,92,157,26,316,6.066707996544933,0,1384.6000000000001
36,368,1030,26,5,87,224,29,521,17.83372656677534,1,0.0
36,369,1949,-22,5,32,2,11,714,9.148252332337107,0,754.4
37,370,1967,29,4,79,351,4,471,8.033597187055175,0,1320.3999999999999
37,371,1577,-18,4,42,163,21,234,11.778425008020314,0,600.0
37,372,1517,25,4,77,150,18,428,12.066699871716768,0,556.1999999999999
37,373,1713,-3,2,69,144,11,781,9.02241019723736,0,1102.9
37,374,1751,-13,5,55,154,9,201,11.68879805669903,0,614.0
37,375,1348,9,1,29,144,24,129,9.662000086461559,0,972.6999999999999
37,376,1084,-19,4,41,229,22,136,16.714156982168365,0,79.0
37,377,1100,-18,5,85,272,2,682,19.524550993124855,1,0.0
37,378,1216,-10,5,10,203,20,957,15.128889001840767,0,193.2
37,379,1610,12,4,86,96,15,619,11.921372368571207,0,578.1
38,380,1597,6,0,57,277,23,169,7.185426553236443,0,294.6
38,381,1666,-14,0,1,333,25,762,5.359458083776202,0,526.1
38,382,1853,-18,1,32,15,3,647,6.270595581609747,0,402.29999999999995
38,383,1699,4,3,42,310,23,37,8.798952566798253,0,145.5
38,384,1412,9,5,13,226,22,297,12.612957610559338,1,0.0
38,385,1487,-20,1,69,100,9,196,10.981286040893965,0,26.6
38,386,1744,25,3,84,100,7,925,9.333493266368892,0,107.5
38,387,1007,19,0,51,356,26,343,12.371844612653524,0,0.6
38,388,1899,-20,3,15,160,24,517,6.665206206610858,0,353.8
38,389,1322,16,3,36,99,9,253,12.40825605422858,0,0.4
39,390,1546,24,2,93,156,25,690,10.020208630090167,0,467.8
39,391,1673,-12,2,50,190,18,171,8.976421313005947,0,621.5
39,392,1341,-9,5,96,148,8,978,16.859899397523186,1,0.0
39,393,1552,24,5,62,169,25,453,12.048061059509585,0,231.5
39,394,1589,0,2,80,30,11,486,10.494833377833235,0,405.09999999999997
39,395,1529,1,0,12,195,4,302,7.315334982864049,0,911.0
39,396,1695,4,2,84,50,21,218,9.093587309083116,0,603.2
39,397,1377,12,0,40,186,25,375,8.554182722859458,0,689.8000000000001
39,398,1172,5,3,71,299,8,493,15.411312437908064,0,21.0
39,399,1577,-18,1,63,306,2,770,10.078830526196917,0,459.79999999999995
40,400,1437,20,0,46,218,17,239,8.171772172169444,0,745.4000000000001
40,401,1676,-4,2,24,336,25,465,7.647887782029446,0,838.6
40,402,1845,-23,2,30,111,21,815,6.826290380705665,0,995.8
40,403,1624,22,0,6,17,4,590,5.391931825099273,0,1302.7
40,404,1680,-12,5,68,249,13,173,12.64631499446674,0,173.0
40,405,1038,-24,0,29,97,24,303,12.856474611677708,0,155.9
40,406,1948,-25,3,68,139,29,585,7.75860840558973,0,818.4000000000001
40,407,1134,-18,4,57,361,18,513,16.80537463142248,1,0.0
40,408,1033,24,1,39,145,20,341,12.734715166040793,0,165.7
40,409,1007,-28,3,4,350,11,407,16.068462758648838,0,5.4
41,410,1007,-11,3,17,266,8,848,15.925919791779755,0,1.4000000000000001
41,411,1611,-12,0,3,223,18,416,6.1578889142251025,0,1029.4
41,412,1834,-13,2,14,151,8,648,6.604721079439303,0,940.6999999999999
41,413,1341,24,5,25,129,14,145,13.45386922185854,0,81.19999999999999
41,414,1231,-16,5,45,328,21,335,16.30366046457606,1,0.0
41,415,1975,-9,4,94,23,21,428,9.003182436003243,0,533.0
41,416,1274,8,2,22,19,15,452,11.479918338569366,0,232.7
41,417,1667,-20,5,1,99,22,120,10.660142848386961,0,318.5
41,418,1265,-21,1,13,352,29,778,10.839174866809898,0,298.6
41,419,1073,7,1,92,44,29,703,14.130724149633735,0,47.199999999999996
42,420,1485,-21,2,94,38,18,26,12.47140691834562,0,21.8
42,421,1657,7,0,4,314,29,164,4.740646366192722,0,847.8
42,422,1166,18,4,16,274,20,300,13.948025995221263,1,0.0
42,423,1104,0,1,45,165,15,311,13.205747806460197,0,5.5
42,424,1415,-4,3,56,302,27,931,12.105258833284653,0,34.0
42,425,1894,21,3,22,163,13,617,5.921238268697043,0,644.3000000000001
42,426,1477,-7,3,99,62,27,989,12.816984207492496,0,12.8
42,427,1456,-9,4,34,351,20,825,12.471366157497805,0,21.8
42,428,1286,7,4,18,336,14,629,13.377395154944915,0,3.3000000000000003
42,429,1753,-3,0,28,205,14,719,5.295024635820484,0,748.7
43,430,1005,23,1,27,304,29,869,12.354778928793642,0,238.0
43,431,1046,-29,2,18,176,26,460,14.54698415619271,0,72.2
43,432,1843,-19,2,16,304,20,210,6.43597405190839,0,1165.8
43,433,1028,-21,3,56,81,9,15,17.23339625937618,1,0.0
43,434,1353,2,2,53,28,5,609,12.174971274545664,0,255.9
43,435,1928,14,4,5,19,26,587,5.801859420759913,0,1306.8000000000002
43,436,1984,18,5,0,167,19,856,6.2172801129476305,0,1213.5
43,437,1080,-19,1,48,44,2,207,14.622691379015533,0,68.2
43,438,1826,21,3,16,188,27,73,5.982269418093473,0,1265.9
43,439,1382,18,1,11,68,3,336,9.179117179109607,0,648.7
44,440,1107,22,3,44,245,11,254,14.570180000453709,0,45.0
44,441,1576,22,4,68,247,26,763,11.01178467729573,0,322.5
44,442,1502,-12,4,72,128,4,764,13.779943713736621,0,84.7
44,443,1640,-16,3,32,96,5,408,10.311887668274325,0,406.9
44,444,1184,14,4,92,267,5,788,16.691084022003132,1,0.0
44,445,1327,19,4,27,44,4,85,13.164062674187324,0,124.39999999999999
44,446,1776,20,5,92,90,22,77,10.971446775439192,0,327.1
44,447,1231,25,1,94,77,12,898,12.594624864004823,0,167.8
44,448,1804,-29,1,75,29,13,296,8.119433465058831,0,734.7
44,449,1055,-14,1,96,360,19,995,15.558800173948145,0,12.8
45,450,1681,-25,5,96,71,20,663,13.57735988292343,0,147.0
45,451,1017,22,5,30,360,4,258,17.32893298359342,0,0.1
45,452,1131,-25,2,8,11,18,376,13.50547557633417,0,152.5
45,453,1282,-5,5,15,313,1,183,15.236092034806312,0,47.300000000000004
45,454,1498,8,0,71,317,7,7,9.132538977903794,0,685.3
45,455,1311,-21,0,1,47,15,76,9.501307378405796,0,625.6
45,456,1307,-28,2,33,53,21,877,12.455313594632276,0,245.6
45,457,1278,-16,4,60,287,29,229,15.00092858365708,0,58.099999999999994
45,458,1583,14,4,4,300,25,372,9.362968651405806,0,647.6999999999999
45,459,1148,0,5,62,85,9,922,17.410979868866246,1,0.0
46,460,1621,-2,3,43,244,28,926,9.528248229046518,0,958.0
46,461,1696,12,3,46,130,4,993,9.212175310950796,0,1020.8
46,462,1099,-13,5,85,125,2,771,19.315759149424785,1,0.0
46,463,1563,14,2,68,9,12,309,9.89342935294843,0,887.8
46,464,1126,0,1,36,57,5,638,13.00722085414072,0,398.0
46,465,1864,22,5,38,102,9,884,8.772081323048827,0,1111.7
46,466,1562,-25,0,44,179,29,603,7.908252931332233,0,1301.3
46,467,1444,-26,1,38,7,27,496,9.97761658012109,0,872.0
46,468,1910,2,2,6,202,5,685,5.209738201367784,0,1989.8
46,469,1801,-21,2,53,345,7,348,8.507518495519442,0,1168.1999999999998
47,470,1571,28,3,48,90,12,515,9.734202171389155,0,645.4000000000001
47,471,1763,18,5,18,152,9,863,9.329482682894602,0,712.0999999999999
47,472,1875,4,4,72,197,18,631,9.03240534009155,0,763.1
47,473,1189,1,3,73,70,8,494,15.374158547971868,0,57.300000000000004
47,474,1497,-4,1,23,264,29,665,8.228454242152612,0,910.0
47,475,1752,7,0,3,73,18,972,4.003963381930845,0,1894.5
47,476,1230,-14,2,88,113,26,763,14.268304947329467,0,122.5
47,477,1757,4,4,39,254,6,535,9.668639392998106,0,656.0
47,478,1406,-12,4,57,243,15,665,13.935998129658966,0,146.8
47,479,1026,12,5,47,270,11,757,17.768061512539248,1,0.0
48,480,1238,12,1,82,342,26,241,12.240292239132918,0,252.5
48,481,1708,-20,1,91,208,1,507,9.717683565631422,0,569.7
48,482,1182,-28,5,30,364,7,246,17.265702487837405,1,0.0
48,483,1247,-22,5,24,14,2,40,16.332292183641606,0,8.7
48,484,1400,23,2,88,127,14,267,11.79287762477135,0,299.5
48,485,1947,19,2,7,188,18,76,3.886041272445592,0,1790.2
48,486,1535,27,5,93,336,27,107,13.065290270285855,0,176.4
48,487,1513,28,4,58,254,20,912,11.337876020658413,0,351.4
48,488,1287,-9,2,59,245,20,814,12.89431222717046,0,191.1
48,489,1207,8,2,26,204,13,403,12.399645571119835,0,236.8
49,490,1402,24,2,68,117,24,635,10.736040732410906,0,380.4
49,491,1696,26,4,66,251,14,959,10.023172201542337,0,473.40000000000003
49,492,1355,-26,5,74,245,3,292,16.903318638402762,1,0.0
49,493,1997,-20,1,40,226,1,122,5.320037110429496,0,1341.6999999999998
49,494,1377,24,3,59,285,28,377,11.643014779442177,0,276.70000000000005
49,495,1501,8,1,91,113,25,447,9.965461657995512,0,481.3
49,496,1941,17,0,21,164,11,111,2.678093084520164,0,2023.6000000000001
49,497,1462,-5,5,28,19,8,510,13.462823658246412,0,118.4
49,498,1876,-12,3,55,350,29,550,7.706915020512114,0,845.6999999999999
49,499,1974,-22,2,87,77,11,930,7.563335645616209,0,872.4
50,500,1086,-5,4,4,150,13,751,15.336306796382953,0,5.2
50,501,1599,-22,3,74,274,4,694,12.25472693997428,0,144.60000000000002
50,502,1041,21,5,2,262,8,726,16.057097306682017,1,0.0
50,503,1669,19,3,96,111,17,587,10.33183733037676,0,327.8
50,504,1268,-13,5,43,319,15,259,15.990061714651368,0,0.0
50,505,1968,-27,1,85,142,9,311,6.883775659578062,0,841.5
50,506,1359,-18,4,15,217,28,227,12.910149903393588,0,99.0
50,507,1466,19,5,54,306,2,702,13.670917723468794,0,56.900000000000006
50,508,1740,-23,2,25,331,25,599,7.666148602177715,0,704.0999999999999
50,509,1279,6,0,97,74,24,575,11.451673942156285,0,212.10000000000002
51,510,1948,-2,2,91,133,4,309,7.5948367201925615,0,671.7
51,511,1076,-10,4,12,86,15,438,15.790837678832782,1,0.0
51,512,1924,9,0,10,204,5,951,2.927224249104654,0,1654.7
51,513,1584,10,0,41,364,18,377,6.876834362427042,0,794.5999999999999
51,514,1567,-16,5,71,307,6,443,14.243907466972056,0,23.900000000000002
51,515,1749,16,0,31,300,26,78,4.443830992686394,0,1287.5
51,516,1971,14,4,87,57,4,498,8.660935771287239,0,508.40000000000003
51,517,1661,-23,5,60,310,21,15,12.714060279356964,0,94.7
51,518,1646,28,5,81,297,25,273,11.59957877171457,0,175.7
51,519,1195,4,1,26,81,11,730,11.660285309756901,0,170.6
52,520,1120,12,0,35,157,26,164,10.955321292220011,0,426.70000000000005
52,521,1864,29,5,25,214,25,347,7.654110115507477,0,966.9
52,522,1777,-14,2,41,354,5,124,8.243466016954162,0,854.5
52,523,1145,-19,4,87,89,20,561,17.48717028145409,1,0.0
52,524,1336,-10,4,48,289,7,169,14.645027897512222,0,80.8
52,525,1885,23,1,84,218,19,466,5.638394716431326,0,1403.8999999999999
52,526,1942,25,4,56,345,27,361,6.910688966058374,0,1118.6
52,527,1203,-4,4,86,339,24,735,16.27558464653668,0,14.7
52,528,1202,28,1,18,150,8,672,10.666083659009228,0,465.3
52,529,1503,-9,5,79,62,4,397,14.8990654919498,0,67.0
53,530,1342,29,5,4,229,23,806,12.27767251418758,0,178.9
53,531,1442,-26,4,63,66,11,496,14.342869780494532,0,46.8
53,532,1069,-23,2,80,93,12,303,16.484882137035065,0,0.0
53,533,1291,-19,5,75,103,28,294,16.405547163161852,0,0.1
53,534,1478,-12,1,49,315,5,689,10.34664443983204,0,379.5
53,535,1051,-20,3,33,291,4,26,16.5072266540711,1,0.0
53,536,1895,27,1,72,355,16,252,5.205230895209699,0,1277.3999999999999
53,537,1341,23,4,52,221,16,570,13.217124816240334,0,108.2
53,538,1794,8,2,53,275,17,811,7.1717483584742086,0,871.5
53,539,1841,-4,2,32,111,21,115,6.35318992952019,0,1031.0
54,540,1691,22,3,37,54,11,870,8.39203546448811,0,661.5999999999999
54,541,1868,-20,0,70,362,14,441,6.06276200048821,0,1094.8
54,542,1221,-27,4,1,298,24,613,14.30011262600557,0,49.6
54,543,1330,-25,2,84,261,24,129,13.693712704595324,0,80.19999999999999
54,544,1997,29,5,46,85,19,575,7.113763008790884,0,885.9000000000001
54,545,1407,-3,3,84,227,21,654,13.221498260987277,0,109.2
54,546,1027,17,3,81,259,13,939,16.526129335518362,1,0.0
54,547,1542,23,3,33,68,3,462,10.060435305117256,0,418.1
54,548,1197,24,3,50,150,29,311,13.107719029365661,0,116.89999999999999
54,549,1523,29,0,91,182,20,23,8.273254123104293,0,681.1
55,550,1854,-6,3,29,11,12,58,7.499495863260815,0,573.8000000000001
55,551,1200,3,4,34,236,8,349,15.074485943638555,1,0.0
55,552,1257,12,1,77,60,19,318,12.063192874927411,0,90.7
55,553,1241,11,4,16,326,23,159,13.35511060845134,0,29.6
55,554,1711,-2,2,68,157,27,854,8.403062481883685,0,445.09999999999997
55,555,1407,16,3,95,5,24,703,12.737712250863714,0,54.6
55,556,1642,-13,3,75,236,9,798,11.349630744988442,0,138.7
55,557,1718,-23,5,40,350,4,118,12.144647891397241,0,85.8
55,558,1113,23,0,28,94,8,808,11.00134982073902,0,165.9
55,559,1512,-16,4,62,78,22,966,12.8354316991523,0,50.099999999999994
56,560,1488,-20,4,92,239,12,702,14.548476440976051,0,0.0
56,561,1431,-26,0,86,265,19,446,10.924036042623321,0,135.1
56,562,1913,9,3,47,43,8,140,7.088708887636159,0,564.2
56,563,1638,-21,0,25,195,12,276,7.079748875983155,0,565.5
56,564,1237,2,3,20,225,4,17,13.486568839683441,0,12.4
56,565,1891,3,3,24,301,18,718,6.47127403816067,0,660.8
56,566,1124,-25,0,90,355,5,568,14.599978442101252,1,0.0
56,567,1235,-24,2,18,172,7,561,13.151037020842212,0,21.0
56,568,1383,-5,3,7,11,27,232,10.965185604032557,0,132.10000000000002
56,569,1480,20,3,48,224,2,193,11.343497620586831,0,106.0
57,570,1751,2,5,87,11,18,36,11.805872429470769,0,426.8
57,571,1671,0,4,98,335,2,181,12.654486906894254,0,323.2
57,572,1264,25,4,11,333,20,757,12.547584037329425,0,335.4
57,573,1220,-11,5,72,222,6,184,17.584325247379596,0,5.699999999999999
57,574,1706,10,1,31,191,4,407,6.800819648896937,0,1331.3
57,575,1007,13,3,67,119,19,935,16.185535286896577,0,46.4
57,576,1102,2,1,73,92,16,926,13.888959906214836,0,198.0
57,577,1428,-14,3,68,164,8,859,13.325505983048382,0,251.4
57,578,1113,-26,3,66,216,17,345,16.572455777269724,0,31.200000000000003
57,579,1077,3,5,79,151,17,216,18.339160431009038,1,0.0
58,580,1825,-13,5,67,207,27,101,10.692694911749397,0,99.3
58,581,1871,-9,1,73,132,21,125,6.469269709668326,0,543.9
58,582,1341,23,0,62,139,18,537,9.429512328326641,0,194.89999999999998
58,583,1459,-16,4,19,92,21,84,12.191578176798405,0,27.3
58,584,1937,-15,2,2,187,17,514,4.978732551438503,0,786.0
58,585,1809,-11,0,49,94,26,369,5.217527096556168,0,744.2
58,586,1222,21,3,71,167,23,11,13.844353104863282,1,0.0
58,587,1603,7,1,18,104,23,495,6.829331429630303,0,492.1
58,588,1461,-12,2,0,328,28,875,9.195604794693956,0,216.1
58,589,1846,-21,2,55,166,28,188,7.3341111853705785,0,423.8
59,590,1496,-30,4,1,180,21,236,11.758873199563483,0,484.90000000000003
59,591,1625,7,5,65,9,9,332,12.523399532857688,0,384.20000000000005
59,592,1949,-20,5,21,295,8,281,8.978233647053974,0,949.4
59,593,1114,-24,1,77,279,15,281,14.923134426900916,0,144.3
59,594,1125,-30,5,67,58,12,656,18.722051482516257,1,0.0
59,595,1238,9,5,7,281,25,989,14.0131155240095,0,221.70000000000002
59,596,1117,-27,1,16,10,10,743,13.204569160931477,0,304.40000000000003
59,597,1144,-24,2,96,233,13,604,16.224652290169388,0,62.400000000000006
59,598,1669,19,3,27,26,17,628,8.213460125252569,0,1104.3000000000002
59,599,1357,-27,2,26,123,14,294,12.036056979195257,0,447.0
60,600,1270,-3,5,70,231,15,924,16.358277509376492,0,1.7000000000000002
60,601,1875,23,4,24,33,21,172,6.827678624087524,0,989.5
60,602,1992,7,3,29,360,19,105,5.517212611474108,0,1267.3999999999999
60,603,1818,6,5,85,32,9,455,11.223459992260418,0,308.2
60,604,1803,9,4,55,140,1,781,9.645628460807513,0,508.29999999999995
60,605,1458,6,0,12,22,27,132,7.005378532268027,0,954.4
60,606,1630,21,1,94,196,29,561,8.191606884274751,0,736.7
60,607,1183,-24,4,10,312,4,67,15.624857651765002,0,13.200000000000001
60,608,1116,-1,5,48,161,26,724,16.77489281408225,1,0.0
60,609,1316,20,1,65,227,14,304,11.063043877824132,0,326.3
61,610,1431,-12,5,52,75,12,239,14.637742071466167,0,4.5
61,611,1521,-24,5,80,207,2,978,15.310412780011536,1,0.0
61,612,1548,7,0,41,242,11,442,7.549208132632896,0,602.4
61,613,1657,-14,3,89,74,11,177,11.6038862047695,0,137.4
61,614,1992,12,2,45,256,4,718,5.278166243302765,0,1006.5
61,615,1539,-9,5,29,143,3,528,13.06800695643778,0,50.300000000000004
61,616,1502,-4,5,84,249,23,576,14.24593946837338,0,11.299999999999999
61,617,1727,-4,0,89,359,15,621,7.45436159549737,0,617.2
61,618,1766,-21,5,33,104,27,534,10.45299008797476,0,235.9
61,619,1757,0,4,57,218,6,574,10.335881386250922,0,247.5
62,620,1511,-27,1,56,235,9,261,10.614715628294185,0,86.8
62,621,1584,-27,4,34,76,8,736,12.160928239756574,0,19.6
62,622,1382,21,3,64,218,15,906,12.238891316890689,0,17.5
62,623,1604,-9,4,74,279,24,523,12.06820536025849,0,22.3
62,624,1427,-28,3,49,185,1,152,13.56109788506961,1,0.0
62,625,1685,26,1,83,167,2,578,8.092291675118314,0,299.1
62,626,1689,6,5,36,268,25,904,10.479522949874067,0,95.0
62,627,1442,26,5,4,344,9,380,11.951727912356542,0,25.9
62,628,1087,22,0,4,213,3,335,10.827250136738298,0,74.7
62,629,1971,5,1,17,313,19,958,3.3332390414973894,0,1046.1
63,630,1468,-6,1,93,75,13,23,11.29200746168967,0,146.8
63,631,1305,8,5,62,120,27,143,15.011618228766975,0,0.1
63,632,1417,13,1,84,279,16,525,10.784733928915799,0,188.2
63,633,1946,15,5,59,198,25,541,8.313472614381611,0,463.7
63,634,1064,-12,1,90,103,21,534,15.123257194768309,1,0.0
63,635,1308,25,1,86,45,9,997,11.66906942472374,0,119.3
63,636,1526,-24,3,97,156,8,360,13.60921558423663,0,22.9
63,637,1380,4,3,2,101,13,138,11.072808852724464,0,164.1
63,638,1538,-30,4,87,219,24,657,13.805394474523565,0,17.4
63,639,1676,-16,0,73,88,7,326,8.128197025913327,0,489.3
64,640,1428,-29,0,16,248,7,313,9.371833469461635,0,841.5
64,641,1654,-12,4,37,19,6,465,11.124938014893852,0,550.6
64,642,1081,-5,5,79,296,18,508,18.545070321410936,1,0.0
64,643,1910,-28,5,15,354,25,913,8.803995587844899,0,948.9
64,644,1387,5,0,1,280,6,677,8.183526595087937,0,1073.6
64,645,1995,-27,5,35,199,12,392,8.998467015658218,0,911.4
64,646,1410,-16,0,94,96,11,816,11.240035195791675,0,533.6
64,647,1056,16,1,4,148,23,237,11.618957710018604,0,479.7
64,648,1452,18,0,56,157,9,214,8.663764568283522,0,976.4
64,649,1618,-14,4,84,310,3,272,13.18416391431961,0,287.4
65,650,1151,-30,0,21,177,21,332,11.811384903238356,0,404.6
65,651,1899,15,1,33,3,15,909,4.26315934767713,0,1934.7
65,652,1095,12,5,80,22,8,191,18.17251704525612,1,0.0
65,653,1146,20,4,23,229,29,366,13.952333683960886,0,178.1
65,654,1955,-14,2,5,292,19,952,4.768824294623082,0,1796.6
65,655,1273,27,3,8,265,7,966,11.723318435390823,0,415.90000000000003
65,656,1082,7,4,68,73,26,567,16.442035570223354,0,29.900000000000002
65,657,1471,13,2,19,141,3,623,9.690489063834079,0,719.4
65,658,1530,21,3,53,77,9,790,10.609788088588461,0,571.9
65,659,1870,-29,4,16,343,27,384,8.247660426787734,0,985.0
66,660,1855,19,3,91,138,22,68,8.197549311532885,0,648.9
66,661,1563,9,5,28,0,7,674,11.990251981004468,0,181.70000000000002
66,662,1276,-25,5,28,118,24,299,15.4814711845762,0,6.0
66,663,1779,-12,2,99,38,13,965,9.456239860668617,0,462.0
66,664,1888,-25,1,57,135,12,776,6.613344726282661,0,929.3000000000001
66,665,1244,-28,4,69,334,21,891,16.25327739029931,1,0.0
66,666,1753,-17,2,47,259,6,677,8.650124800783829,0,578.1
66,667,1316,-25,2,14,321,2,902,12.43736850493618,0,145.6
66,668,1339,-5,0,40,291,7,333,10.187135596519404,0,368.0
66,669,1291,10,2,59,303,27,629,11.99467263336247,0,181.4
67,670,1715,10,2,35,150,2,154,7.917417850978151,0,690.3
67,671,1005,1,3,20,16,28,610,14.8710178511945,0,18.400000000000002
67,672,1901,-29,3,43,356,26,813,7.75143442761367,0,718.1999999999999
67,673,1233,0,4,94,148,20,199,16.22601434264592,1,0.0
67,674,1228,18,1,4,294,26,552,9.729054733004475,0,422.1
67,675,1310,19,3,39,177,13,588,12.362647601264175,0,149.3
67,676,1362,28,1,33,191,3,585,9.715992805323232,0,423.8
67,677,1906,23,0,92,127,16,187,4.780553022507833,0,1310.0
67,678,1488,14,5,98,245,9,950,14.66164386031051,0,24.5
67,679,1523,2,4,79,318,21,398,12.788869745994779,0,118.10000000000001
68,680,1095,-11,4,31,14,11,476,16.329374460184805,1,0.0
68,681,1680,26,5,33,213,14,528,10.216326374754821,0,373.7
68,682,1797,-19,2,62,324,16,597,8.400331516200062,0,628.6999999999999
68,683,1400,26,4,4,218,7,386,11.408780372897908,0,242.10000000000002
68,684,1566,8,3,51,334,28,321,10.068259871644946,0,392.0
68,685,1868,12,3,39,174,13,601,7.006623975420227,0,869.0999999999999
68,686,1170,-24,3,79,208,18,976,16.22619077490378,0,0.1
68,687,1832,-2,2,84,82,13,873,8.152974090906286,0,668.5
68,688,1470,-7,4,81,194,1,62,14.399577396590866,0,37.2
68,689,1935,1,4,74,31,14,58,8.748286778876906,0,574.7
69,690,1410,-25,1,17,180,9,811,10.306794110758677,0,287.2
69,691,1429,-30,5,81,289,27,279,15.665800380759684,1,0.0
69,692,1832,-15,1,49,14,17,482,6.410764562975908,0,856.5999999999999
69,693,1687,5,4,10,312,20,738,8.952908554566353,0,450.6
69,694,1256,-23,2,13,259,3,963,12.881599518534058,0,77.5
69,695,1617,-3,2,50,284,4,382,9.737098248600567,0,351.5
69,696,1845,3,2,91,207,18,624,7.946112487330916,0,595.9000000000001
69,697,1813,24,5,82,229,4,4,10.850455042417005,0,231.9
69,698,1533,-21,1,34,339,12,354,9.436309471386497,0,388.1
69,699,1245,10,0,70,90,20,39,11.039648274657859,0,214.0
70,700,1209,-22,5,95,76,27,103,17.982419381173855,0,0.8
70,701,1601,12,1,36,243,26,210,7.18499294369672,0,1227.0
70,702,1673,-5,0,79,95,29,8,7.215330474091954,0,1220.3
70,703,1993,13,3,46,73,25,956,5.440380620836849,0,1644.0
70,704,1153,16,5,99,242,29,276,17.33342449991879,0,8.6
70,705,1799,18,4,41,328,17,986,8.41601890202553,0,969.4
70,706,1114,-13,0,88,22,14,982,13.778314768307517,0,201.0
70,707,1128,-14,4,91,110,1,875,18.2620461135282,1,0.0
70,708,1533,26,2,1,204,20,119,7.543881312111289,0,1148.8
70,709,1368,-16,4,70,267,17,173,14.830854692509718,0,117.69999999999999
71,710,1235,7,0,85,195,18,373,11.762829633987696,0,462.9
71,711,1275,19,2,54,88,24,379,11.771570702050521,0,461.70000000000005
71,712,1349,25,2,50,30,17,768,10.900495493564396,0,587.7
71,713,1115,-28,5,59,72,12,153,18.566379192602405,1,0.0
71,714,1569,24,2,27,323,23,46,7.971714035092323,0,1122.5
71,715,1459,5,1,63,100,29,922,9.445394073650853,0,831.9
71,716,1227,23,4,10,335,13,726,13.209481000510467,0,287.0
71,717,1047,-15,1,96,71,26,828,15.36023026355166,0,102.8
71,718,1790,-2,3,74,76,14,877,9.233021227454376,0,871.1
71,719,1363,12,4,12,57,5,992,12.462876798178348,0,372.5
72,720,1874,15,0,50,278,9,331,4.376679158181872,0,1252.5
72,721,1093,-27,2,54,52,12,427,15.56840207211089,1,0.0
72,722,1737,-5,4,17,232,7,337,9.485579550011407,0,370.0
72,723,1722,-30,2,68,200,24,487,9.39779801688908,0,380.79999999999995
72,724,1704,12,0,72,313,10,820,6.77325226708896,0,773.5
72,725,1754,15,0,59,86,27,166,5.172773109984229,0,1080.6999999999998
72,726,1652,5,1,78,215,14,185,8.607375468968801,0,484.6
72,727,1184,-30,1,79,71,27,182,14.009952985726086,0,24.3
72,728,1917,-23,2,64,183,11,359,7.557856734690352,0,641.7
72,729,1016,-23,0,26,353,14,924,13.317231227329563,0,50.7
73,730,1837,12,4,99,76,1,778,10.519304303398016,0,236.70000000000002
73,731,1964,16,2,89,204,18,845,6.229430760239829,0,838.1
73,732,1094,-3,3,32,38,2,899,15.384063188393934,1,0.0
73,733,1093,8,0,0,168,16,287,10.648664971691739,0,224.20000000000002
73,734,1203,0,0,48,225,15,416,11.310614277242234,0,165.9
73,735,1848,20,4,60,27,19,509,8.32676859082994,0,498.1
73,736,1142,10,1,45,177,3,152,12.933835219856466,0,60.0
73,737,1292,19,2,3,193,5,807,10.72022117010063,0,217.5
73,738,1792,12,3,85,245,24,360,8.812931554248753,0,431.8
73,739,1243,23,5,41,151,26,104,14.536168932983463,0,7.199999999999999
74,740,1118,17,5,40,162,1,102,16.85784066730092,1,0.0
74,741,1289,8,5,72,31,19,991,15.651092347094583,0,14.6
74,742,1068,5,3,60,36,17,858,15.689735367884703,0,13.600000000000001
74,743,1560,-3,2,73,99,17,142,10.514196725571683,0,402.40000000000003
74,744,1471,6,5,88,111,25,991,14.18778245521569,0,71.3
74,745,1039,15,0,8,361,6,644,11.569204704522276,0,279.7
74,746,1142,3,3,98,90,10,301,16.488323023251763,0,1.4000000000000001
74,747,1767,-25,4,46,235,20,990,10.212708540631867,0,441.59999999999997
74,748,1796,29,1,86,7,16,859,6.397112506513708,0,1094.3000000000002
74,749,1133,-18,5,5,122,25,418,15.933515907696165,0,8.5
75,750,1858,8,5,83,227,24,72,10.250566676396643,0,467.1
75,751,1249,-6,4,97,257,3,657,16.95109659912586,0,0.2
75,752,1013,-10,3,53,163,3,729,17.08503285356252,1,0.0
75,753,1550,-27,3,70,65,27,565,11.928093961496504,0,265.9
75,754,1768,-20,2,53,109,9,845,8.618118178422677,0,716.9
75,755,1443,14,3,4,93,16,860,9.981338718252951,0,504.6
75,756,1651,12,0,28,84,14,124,5.835091345307183,0,1265.6
75,757,1955,-10,3,13,175,9,269,6.269229613897099,0,1169.8
75,758,1460,4,1,77,12,11,832,10.521232226157494,0,430.79999999999995
75,759,1751,-13,3,69,64,14,129,9.916972693307402,0,513.8000000000001
76,760,1570,-17,3,73,24,17,177,11.864454144127224,0,231.29999999999998
76,761,1096,-17,1,66,272,24,643,14.173176649539492,0,62.599999999999994
76,762,1403,27,0,18,271,4,519,7.877414254863783,0,773.8
76,763,1601,-27,2,75,27,15,714,10.971759097697916,0,325.20000000000005
76,764,1500,21,5,23,229,25,409,11.509881064280224,0,266.70000000000005
76,765,1317,-13,0,86,204,6,10,12.116945218588981,0,207.7
76,766,1772,29,1,89,162,10,99,7.0616759120983135,0,924.0
76,767,1850,21,1,13,197,17,764,3.941117239835764,0,1621.3
76,768,1049,-30,2,90,300,29,314,16.674222234316385,1,0.0
76,769,1957,-5,1,15,247,1,349,4.437766445899561,0,1497.3
77,770,1366,-21,5,42,45,22,428,14.906738600409922,1,0.0
77,771,1993,7,3,17,359,23,148,4.99610707054941,0,982.2
77,772,1246,-23,1,18,96,24,242,11.410924409303526,0,122.2
77,773,1571,-20,3,96,174,4,193,13.156986796062691,0,30.6
77,774,1735,23,1,37,63,29,107,5.353477206194505,0,912.6
77,775,1980,-27,4,79,300,16,493,9.356850497835072,0,308.0
77,776,1525,4,3,1,349,14,88,9.627037673537055,0,278.8
77,777,1667,1,0,41,243,19,692,6.249673231556307,0,749.4
77,778,1617,3,2,83,238,5,767,10.44670215126655,0,198.9
77,779,1262,-30,1,10,29,24,775,11.173547011558444,0,139.4
78,780,1480,-18,3,92,64,27,969,12.950241713740972,0,49.5
78,781,1434,19,4,50,232,15,265,12.42960700221445,0,75.4
78,782,1392,19,2,48,341,19,362,10.667191581239742,0,203.29999999999998
78,783,1466,-30,1,1,306,14,676,9.299913079756369,0,345.20000000000005
78,784,1182,26,0,85,120,2,157,12.22233488443815,0,87.2
78,785,1807,-2,3,84,85,29,904,8.829758247506703,0,402.70000000000005
78,786,1692,-4,3,75,245,28,592,9.888127825042506,0,279.6
78,787,1894,-30,1,79,332,26,668,6.954346930506952,0,675.9000000000001
78,788,1108,2,1,95,315,1,98,15.175616884499044,1,0.0
78,789,1029,20,3,47,73,28,560,14.825330331822926,0,1.2
79,790,1689,-6,2,64,172,13,990,9.128350723421056,0,195.9
79,791,1830,-3,1,52,351,8,413,6.535872772882733,0,492.59999999999997
79,792,1456,20,4,82,186,6,278,13.45245077297082,0,0.1
79,793,1689,-21,3,11,84,20,747,8.780986459817258,0,227.89999999999998
79,794,1486,16,5,50,254,9,219,13.235207977525604,0,1.0
79,795,1626,-4,3,63,149,10,145,10.847177141252528,0,73.3
79,796,1920,3,0,92,357,21,531,5.168315795085446,0,703.3
79,797,1012,2,1,37,92,22,238,13.554645013455344,1,0.0
79,798,1093,7,0,73,135,17,391,12.839462502049203,0,5.1
79,799,1634,-11,2,47,357,18,447,9.26056375764399,0,184.4
80,800,1487,1,3,49,251,10,333,11.655375238742607,0,442.1
80,801,1963,7,5,37,20,20,94,7.922201554772803,0,1077.9
80,802,1575,1,0,80,48,6,290,8.804410832246655,0,902.5
80,803,1049,-13,1,84,236,6,551,15.696183839180788,0,68.0
80,804,1349,27,4,38,281,23,209,12.37985734742084,0,351.0
80,805,1207,5,3,5,69,29,810,12.215596912678693,0,370.7
80,806,1678,-10,2,16,264,16,867,7.850100195818578,0,1092.9
80,807,1252,-25,5,92,319,7,493,18.30423081161004,1,0.0
80,808,1017,-9,4,54,354,23,767,17.3757289706028,0,8.6
80,809,1724,13,2,30,338,9,466,7.3443504739308505,0,1201.2
81,810,1125,-14,5,36,278,18,161,17.136137303100952,1,0.0
81,811,1747,-6,3,43,165,20,661,8.6919338139991,0,713.0
81,812,1948,-25,5,46,313,27,918,9.177738773214074,0,633.4000000000001
81,813,1346,20,0,32,66,15,122,8.700770712843745,0,711.5999999999999
81,814,1173,-29,2,53,61,2,462,15.16039377395501,0,39.0
81,815,1904,-27,1,71,38,13,742,6.886114136667849,0,1050.6
81,816,1470,21,3,46,305,17,938,10.760932920448942,0,406.4
81,817,1324,21,1,67,33,21,729,10.663623926676536,0,418.9
81,818,1668,-16,3,19,284,18,270,9.238605211139827,0,623.6999999999999
81,819,1060,-19,1,10,227,19,901,13.045030182376019,0,167.39999999999998
82,820,1374,-4,1,96,313,15,713,12.181682645486646,0,22.7
82,821,1791,-10,2,1,128,5,82,6.697599978753688,0,488.5
82,822,1694,-9,0,10,31,21,333,5.285095107881995,0,705.9000000000001
82,823,1860,-1,3,80,180,25,833,8.319670254973609,0,288.09999999999997
82,824,1412,0,3,72,109,2,160,13.401819021424018,0,0.8
82,825,1579,-9,1,27,54,29,435,7.662914664000917,0,362.9
82,826,1353,14,5,15,18,3,595,13.686763403184841,1,0.0
82,827,1289,23,3,48,260,27,39,12.288125175065742,0,19.6
82,828,1701,-7,1,60,30,29,131,7.396601845811877,0,395.7
82,829,1231,2,1,81,357,2,471,13.45728390702429,0,0.5
83,830,1300,12,1,1,344,7,857,9.781777789180166,0,196.5
83,831,1167,-9,0,89,293,15,513,13.227787071172985,0,9.7
83,832,1378,-6,1,95,67,2,988,12.548188919968695,0,27.799999999999997
83,833,1266,14,0,69,209,15,822,10.795980460764891,0,116.8
83,834,1210,-5,1,1,37,29,67,10.469114906856634,0,140.29999999999998
83,835,1417,-10,0,93,351,28,732,10.407547877270895,0,144.9
83,836,1204,2,3,51,204,18,382,14.214208284608059,1,0.0
83,837,1780,12,4,13,310,7,956,8.316514495962775,0,347.8
83,838,1890,4,5,1,196,26,209,7.4869700542966315,0,452.59999999999997
83,839,1956,8,2,30,98,8,792,5.126241996842827,0,825.9000000000001
84,840,1115,-4,0,74,92,3,915,13.457782377940655,0,104.9
84,841,1867,-19,0,33,3,20,12,4.6478318155160405,0,1451.6999999999998
84,842,1662,-6,4,90,218,9,612,12.380216906187595,0,186.29999999999998
84,843,1183,-8,1,45,23,23,203,12.3714691795742,0,187.10000000000002
84,844,1406,-16,5,76,203,11,612,15.784538342764218,0,8.299999999999999
84,845,1235,1,4,90,100,3,414,16.62323353476325,0,0.1
84,846,1583,-6,5,17,293,3,984,12.157219572698795,0,206.1
84,847,1514,-28,2,85,150,4,131,12.665613680981451,0,162.5
84,848,1418,18,0,27,81,18,138,7.790980882001753,0,793.1
84,849,1062,-4,4,32,122,4,835,16.696676830503407,1,0.0
85,850,1450,19,5,49,188,27,875,12.737079010049836,0,203.0
85,851,1157,20,3,21,349,26,421,12.916094984229538,0,187.10000000000002
85,852,1800,-4,0,64,315,8,143,6.2512269678534835,0,1208.0
85,853,1048,28,3,38,241,14,208,14.672531068510335,0,66.0
85,854,1072,-10,4,44,15,2,471,17.242081775618566,1,0.0
85,855,1098,5,4,7,364,27,660,14.53592011045861,0,73.2
85,856,1815,-12,0,63,43,7,777,6.239144169541129,0,1210.6
85,857,1803,3,5,37,62,17,946,9.69414033794406,0,569.7
85,858,1640,6,5,66,1,1,660,12.687885023651912,0,207.39999999999998
85,859,1903,20,4,30,173,15,451,7.055365803469937,0,1037.7
86,860,1003,21,5,52,335,28,915,17.239803672034398,1,0.0
86,861,1517,11,5,44,229,20,520,12.482313920386769,0,226.29999999999998
86,862,1029,20,2,68,356,10,751,15.16312165696365,0,43.099999999999994
86,863,1114,27,1,24,200,12,19,11.700005042841369,0,306.90000000000003
86,864,1739,0,2,92,123,28,812,8.741139399157365,0,722.3000000000001
86,865,1673,-27,3,52,64,4,333,10.994621505026847,0,390.0
86,866,1585,-5,4,28,106,27,912,10.53532695293323,0,449.5
86,867,1339,22,3,14,359,16,453,11.169207125834143,0,368.5
86,868,1608,-18,1,58,60,20,528,8.930551760512254,0,690.4000000000001
86,869,1231,27,0,0,155,13,642,8.689760502309749,0,731.0
87,870,1292,-23,2,62,318,10,747,13.793622098693513,0,174.89999999999998
87,871,1401,-11,3,4,334,22,331,11.154673555460601,0,465.3
87,872,1488,19,3,52,90,28,702,10.401958693187117,0,573.6999999999999
87,873,1641,-21,1,1,193,2,780,7.6284070254248,0,1070.8
87,874,1864,-9,0,5,206,18,309,3.587802561513584,0,2070.3
87,875,1421,16,0,6,40,13,719,7.301328094541487,0,1139.5
87,876,1057,-9,5,48,260,18,465,17.97617772346602,1,0.0
87,877,1256,15,1,68,37,4,126,12.247463439855402,0,328.2
87,878,1625,-18,2,51,101,22,510,9.489732260779144,0,720.1999999999999
87,879,1546,-18,3,35,78,5,289,11.41947987310758,0,429.90000000000003
88,880,1651,21,5,8,289,17,169,9.868603745370534,0,439.6
88,881,1298,17,1,1,14,4,391,9.695597008994653,0,462.9
88,882,1969,-9,0,15,119,12,410,3.018972709262675,0,1817.1000000000001
88,883,1461,1,1,1,93,16,202,8.216811129030779,0,685.9000000000001
88,884,1226,11,4,48,352,6,826,15.022426022150485,0,21.8
88,885,1931,20,0,84,44,27,99,3.9824986940399416,0,1566.6
88,886,1297,-11,4,48,276,20,666,14.551951024472503,0,37.9
88,887,1658,4,3,5,317,21,301,8.13540771312797,0,699.5
88,888,1275,-10,2,50,206,13,382,13.058382948751474,0,118.4
88,889,1001,17,4,30,297,7,610,16.498953235387315,1,0.0
89,890,1065,27,0,32,40,24,82,10.954558475461173,0,428.2
89,891,1001,28,5,68,294,29,535,17.498578689913728,1,0.0
89,892,1843,-23,0,34,76,21,330,5.006621976579188,0,1560.5
89,893,1893,-25,3,17,258,19,152,7.1975651249614945,0,1061.1
89,894,1184,20,2,32,190,27,650,11.876499663131453,0,316.1
89,895,1994,28,0,42,350,25,308,1.9418330253361358,0,2420.1
89,896,1212,27,1,84,248,14,991,12.380390813479934,0,262.0
89,897,1846,-4,4,30,46,19,648,8.242541040859859,0,856.7
89,898,1311,-8,1,69,344,26,399,11.777542017770923,0,327.29999999999995
89,899,1063,-12,3,72,289,6,799,17.1480294505043,0,1.2
90,900,1084,10,4,72,329,17,248,16.865299050228955,1,0.0
90,901,1911,-8,5,94,59,10,421,11.014016760040992,0,342.40000000000003
90,902,1107,-4,0,40,149,4,113,12.568106811577374,0,184.7
90,903,1620,-10,0,32,186,8,111,7.256300334059907,0,923.3
90,904,1235,26,2,80,81,20,387,12.863093810625163,0,160.2
90,905,1461,19,0,3,45,21,876,6.4078187736222505,0,1093.6
90,906,1192,-30,0,61,363,4,315,13.272633057623992,0,129.1
90,907,1953,21,0,80,87,2,607,4.460613699585622,0,1538.8
90,908,1445,12,1,28,30,2,489,9.276309279211091,0,575.9000000000001
90,909,1238,14,1,35,3,27,648,10.578543597059586,0,395.20000000000005
91,910,1704,-17,3,16,131,3,235,9.318068357335928,0,207.89999999999998
91,911,1145,16,2,47,295,12,580,13.429008453152381,0,2.0
91,912,1493,-14,2,52,152,18,532,10.861746657851121,0,91.0
91,913,1905,-11,5,74,21,18,677,10.24791465231676,0,131.8
91,914,1666,-5,4,46,352,4,965,11.152847955765218,0,74.3
91,915,1671,-4,2,83,162,18,699,9.664570596603223,0,177.5
91,916,1865,27,0,42,144,8,701,3.779408119985712,0,1019.8000000000001
91,917,1673,8,0,22,44,5,308,5.860391166921687,0,642.8
91,918,1159,1,1,84,355,14,437,13.877826964287264,1,0.0
91,919,1634,-15,5,61,4,12,444,12.938008299352367,0,8.8
92,920,1791,-29,3,89,261,3,666,11.057666936844948,0,133.5
92,921,1564,-3,4,28,236,21,943,10.924838734647908,0,143.4
92,922,1036,20,3,16,212,4,551,14.712029396655367,1,0.0
92,923,1929,-20,0,81,307,8,60,6.022301725155781,0,755.1
92,924,1281,17,3,94,342,16,807,14.303890901804568,0,1.7000000000000002
92,925,1976,-18,3,4,345,16,147,5.866220232851659,0,782.5
92,926,1648,11,0,71,66,2,539,7.584039780622419,0,508.1
92,927,1601,-16,1,39,290,24,693,8.260901260415737,0,416.2
92,928,1567,-10,3,97,362,25,897,12.119352556563562,0,67.2
92,929,1693,-6,3,15,88,17,138,8.523030180992563,0,383.0
93,930,1151,-26,2,71,177,25,857,14.995375211820251,0,0.7000000000000001
93,931,1592,-3,2,22,239,6,408,9.052712751561451,0,385.90000000000003
93,932,1486,2,1,30,136,18,743,8.697267047038217,0,431.3
93,933,1688,1,1,19,136,26,564,6.106041524433158,0,838.9
93,934,1344,18,4,45,179,13,662,13.230802457115601,0,41.4
93,935,1805,12,0,85,291,24,39,5.727537311506681,0,909.5999999999999
93,936,1131,22,4,13,24,29,812,13.630709574178951,0,26.7
93,937,1352,0,5,72,32,21,542,15.264942737853742,1,0.0
93,938,1238,21,1,88,140,24,219,12.135168576463819,0,98.0
93,939,1504,23,5,77,106,21,540,13.134281253777893,0,45.4
94,940,1086,1,4,77,106,13,231,17.385159101249144,1,0.0
94,941,1014,28,1,94,303,18,103,14.594900121056005,0,77.9
94,942,1873,-12,2,5,298,9,235,5.953450131625177,0,1306.8000000000002
94,943,1015,27,1,40,72,29,419,12.494369160747752,0,239.20000000000002
94,944,1593,-21,5,35,86,2,901,13.098127780802411,0,183.79999999999998
94,945,1281,-4,3,50,271,11,110,13.911467828995544,0,120.7
94,946,1223,-27,2,70,63,24,47,14.36324850643085,0,91.30000000000001
94,947,1909,1,2,4,111,6,199,5.181131380935236,0,1489.4
94,948,1037,-9,3,36,57,29,509,15.359898117123759,0,41.0
94,949,1436,-23,0,23,100,12,312,9.081274162808745,0,689.5
95,950,1629,-26,5,43,165,16,144,12.747029418532165,0,3.8
95,951,1306,-1,0,80,80,2,829,11.66513010976417,0,28.700000000000003
95,952,1849,4,0,61,295,18,711,4.9784839972514074,0,702.5
95,953,1605,-23,0,42,179,3,941,8.243624222709329,0,261.8
95,954,1744,-4,0,79,20,9,44,7.1600761841658205,0,384.4
95,955,1467,-24,4,55,12,21,997,13.35986869909949,1,0.0
95,956,1880,-4,3,79,202,23,380,8.31361579350498,0,254.60000000000002
95,957,1943,-9,3,23,305,14,243,6.518355391714505,0,468.1
95,958,1996,-2,5,18,160,23,889,7.172366806342898,0,382.9
95,959,1959,-15,5,95,10,26,273,10.230615329950442,0,97.89999999999999
96,960,1867,10,0,26,107,20,20,3.4804279716572246,0,2006.3999999999999
96,961,1682,-1,2,72,179,16,315,9.23397502510026,0,707.5
96,962,1596,-26,2,8,139,10,154,9.223223521649995,0,709.3000000000001
96,963,1389,2,2,23,120,27,989,10.106566751687655,0,568.3
96,964,1155,-1,5,70,182,11,198,17.6450726790861,1,0.0
96,965,1889,12,2,43,208,26,506,5.472008352614367,0,1481.8000000000002
96,966,1224,9,2,65,259,2,442,13.781276136806976,0,149.3
96,967,1346,-21,4,7,121,7,151,13.630937992980394,0,161.1
96,968,1086,22,0,41,139,1,577,11.98528401037446,0,320.3
96,969,1379,27,5,12,332,4,675,12.93717262612528,0,221.6
97,970,1022,15,2,99,139,13,477,16.202899200744838,0,25.9
97,971,1238,19,0,69,208,2,258,11.427687552620736,0,407.70000000000005
97,972,1543,-16,4,85,142,7,863,13.785418222395577,0,162.2
97,973,1969,0,4,94,43,2,797,9.405235672016346,0,706.8000000000001
97,974,1761,3,5,18,73,25,416,9.30974498926653,0,723.0
97,975,1644,22,0,62,288,9,286,6.814901929698297,0,1209.5
97,976,1761,-21,3,44,243,25,624,8.937002861745967,0,787.6999999999999
97,977,1677,23,1,49,92,28,788,6.273583719185581,0,1331.5
97,978,1006,-23,5,2,93,10,417,17.812491086744842,1,0.0
97,979,1558,-29,3,78,41,2,76,13.09351461525486,0,222.7
98,980,1613,8,1,89,146,22,172,8.926430341387354,0,786.3
98,981,1232,5,1,40,36,9,151,11.797086410135062,0,359.6
98,982,1108,-10,0,57,65,28,160,12.391689461435416,0,291.8
98,983,1778,-29,3,83,115,15,515,10.552588599957812,0,524.3
98,984,1821,-15,4,58,203,18,209,9.837330706347952,0,633.0
98,985,1133,17,5,89,296,12,527,17.793673912172117,1,0.0
98,986,1161,-18,2,62,95,12,382,14.840710102423861,0,87.2
98,987,1631,-9,4,55,51,26,550,11.085129924897158,0,450.0
98,988,1075,18,0,67,83,3,313,12.958669296757193,0,233.79999999999998
98,989,1700,-7,0,12,20,8,817,5.630453676591296,0,1479.4
99,990,1000,11,3,98,223,25,40,8.058794836192117,0,307.3
99,991,1000,-6,3,7,282,1,934,11.75126323798555,0,34.300000000000004
99,992,1000,19,2,25,265,18,658,13.602632762781557,1,0.0
99,993,1000,-21,1,31,17,2,479,5.543415265890583,0,649.5
99,994,1000,-27,3,40,258,11,55,9.089448000291569,0,203.70000000000002
99,995,1000,6,1,89,348,28,306,7.509356677003591,0,371.3
99,996,1000,-22,1,50,245,27,230,6.580316296372844,0,493.1
99,997,1000,4,2,99,231,4,568,9.498517647876964,0,168.4
99,998,1000,-22,3,19,167,4,566,7.2849429282419145,0,399.09999999999997
99,999,1000,9,4,23,197,24,575,11.307678658599675,0,52.699999999999996
